{
  "validation_timestamp": "2024-08-20T09:19:00Z",
  "depth_metrics": {
    "all_agents_min_3x": true,
    "cascade_total": 160.68571428571428,
    "individual_deltas": [
      3.7,
      3.571428571428571,
      3.2,
      3.8
    ]
  },
  "agents_tested": 4,
  "validation_passed": true
}